19791209307516|Alcala|2|1985-06-19 00:00:00|2011-08-09 00:27:33|male|Firefox|61.9.76.192|Iligan
2199023264157|Ali|2|1981-06-24 00:00:00|2010-04-18 03:36:06|male|Firefox|27.109.4.26|Kolhapur
13194139543072|Aquino|2|1987-05-14 00:00:00|2011-02-25 19:56:48|male|Safari|117.58.200.168|Naga
37383395347406|Bose|2|1981-06-01 00:00:00|2012-12-09 13:33:52|male|Internet Explorer|49.201.160.224|Bhagalpur
15393162792989|Brown|2|1982-03-15 00:00:00|2011-03-22 04:08:37|male|Firefox|24.52.62.98|Orlando
15393162798252|Brown|2|1981-07-04 00:00:00|2011-04-02 02:57:18|male|Firefox|24.53.227.183|Toronto
32985348842403|Calvert|2|1987-06-01 00:00:00|2012-07-23 15:10:23|male|Firefox|41.156.30.163|Johannesburg
15393162799813|Carlsson|2|1989-07-30 00:00:00|2011-04-17 12:37:16|female|Firefox|31.192.226.102|Uppsala
32985348843572|Chatterjee|2|1982-06-25 00:00:00|2012-08-17 23:00:31|male|Internet Explorer|61.1.128.208|Goa
10995116285153|Davis|2|1982-11-07 00:00:00|2010-12-20 06:48:57|male|Firefox|24.40.236.26|Milwaukee
32985348835447|Garcia|2|1984-09-29 00:00:00|2012-07-17 03:24:41|male|Internet Explorer|122.3.28.56|Iligan
3781|Harrison|2|1980-06-17 00:00:00|2010-01-01 03:07:39|male|Firefox|31.193.172.106|Manchester
17592186045594|Irani|2|1985-04-26 00:00:00|2011-07-07 02:44:58|male|Chrome|49.156.135.191|Tirupati
2199023262943|Kapoor|2|1985-03-28 00:00:00|2010-04-12 20:08:04|male|Chrome|49.236.20.148|Patiala
9695|Khan|2|1981-02-12 00:00:00|2010-01-07 06:44:06|male|Chrome|27.48.59.52|Suri
8796093029267|Khan|2|1980-09-19 00:00:00|2010-09-12 22:03:12|male|Chrome|61.16.220.210|Haldia
10995116285785|Khan|2|1985-11-14 00:00:00|2010-12-28 05:38:06|male|Internet Explorer|58.2.158.141|Sion
17592186044532|Khan|2|1983-10-14 00:00:00|2011-06-11 12:42:47|male|Safari|59.165.223.95|Ajmer
17592186046368|Khan|2|1986-04-22 00:00:00|2011-05-16 06:10:21|female|Firefox|59.103.16.245|Sukkur
19791209299968|Khan|2|1985-03-27 00:00:00|2011-07-26 21:41:34|male|Internet Explorer|27.4.90.237|Guntur
